,19-Oct,19-Nov,19-Dec,20-Jan,20-Feb,20-Mar,20-Apr,20-May,20-Jun,20-Jul,20-Aug,20-Sep
Slot Revenue,,,,,,,,,,,,
,,,,,,,,,,,,
Terror Club,0,"5,956","8,814","11,537","6,806",0,0,0,0,0,0,0
Camp Humphreys,,,,,,,,,,,,
Cave,"471,540","445,773","282,309","467,976","363,145","337,915","147,570","353,815","316,363","510,313","341,876","262,414"
Flighline Tap Room,"12,986",0,0,0,0,0,0,"6,898","2,190","33,386","20,482","55,723"
Morning Calm,"470,010","324,240","433,176","455,495","318,243","482,596","90,201","597,287","527,039","491,916","264,843","525,810"
Humphreys B/C,"74,097","68,906","54,991","83,137","53,908","119,395","17,717","62,865","48,335","76,366","32,630","53,830"
Seoul,,,,,,,,,,,,
K-16 Community Club,"36,147","20,107","18,127","17,520","24,839","26,342","71,556","55,911","40,194","49,625","16,815","30,479"
Main Post Club,"38,433","66,229","34,378","78,281","26,373","22,813",0,0,0,0,0,0
AFRC Dragon Hill Lodge,,,,,,,,,,,,
Dragon Hill Lodge,"505,518","293,741","641,797","560,917","354,188","422,691","274,977","484,393","515,568","328,861","453,333","666,292"
Navy Seoul,,,,,,,,,,,,
Taegu,,,,,,,,,,,,
El Guerrero,"74,348","50,034","29,191","65,612","62,010",0,0,"11,360","68,422","130,490","87,283","107,221"
State's Grill,"14,269","43,723","30,686","28,909","13,892",0,0,0,"31,870","45,248","101,577","115,835"
La Cantina El Guerrero,"50,561","47,077","58,415","53,278","43,253",0,0,0,104,0,0,0
Hilltop,"168,024","108,276","120,328","153,384","99,346",0,0,"35,716","152,865","116,440",0,0
Windy City Bowl & Grill,"31,290","19,437","9,847","29,525","39,817",0,0,0,"49,459","55,929","60,705","69,327"
Navy Pusan,,,,,,,,,,,,
Turtle Cove,"33,819","33,439","21,068","7,260","55,679","41,026","27,052","16,357","8,286","20,913","2,072","90,471"
Casey / Hovey,,,,,,,,,,,,
Casey Bowl,"21,400","44,404","27,989","33,547","37,994","31,617","35,896","39,840","36,275","8,210","46,535","36,805"
Casey Lodging,"92,221","89,682","91,144","52,589","45,468","42,151","83,227","67,474","54,274","39,168","56,595","86,361"
Gateway Club,"74,601","56,050","120,447","46,995","93,912","85,969","97,097","44,673","82,428","22,155","118,996","72,344"
Warrior's,"10,062","27,766",-780,"34,437","19,287","21,288","45,881","18,068","14,858","35,271","29,484","14,141"
Uijongbu Corridor,,,,,,,,,,,,
Total Korea Slot Revenue,"2,179,326","1,744,840","1,981,927","2,180,399","1,658,160","1,633,803","891,174","1,794,657","1,948,530","1,964,291","1,633,226","2,187,053"
,,,,,,,,,,,,
Iwakuni USMC,,,,,,,,,,,,
Iwakuni Club,"142,923","69,881","151,948","85,978","98,912","127,373",-838,0,"69,306","57,796","99,898","99,862"
Torii Pines TLF,"95,727","79,072","130,833","101,847","108,586","68,867","29,568",0,"72,604","71,432","53,075","99,670"
Camp Butler / Foster,,,,,,,,,,,,
Butler Bowl,"96,186","45,220","88,775","58,052","87,423","84,472","9,179",0,"27,312","39,371","64,565","127,634"
Ocean Breeze,"468,934","492,594","460,113","416,448","419,921","510,040","86,642",0,"457,768","170,247",0,"99,901"
Taiyo Golf Course,"275,952","325,054","324,174","320,792","257,083","279,890","54,176",0,"242,217","93,947","262,341","262,933"
West Pac Lodge,"17,768","11,904",-198,"44,741","22,784","29,359","13,606",0,"-8,847","31,701",0,0
Whispers,"88,979","66,129","69,897","32,439","62,545","18,305","96,427",0,"-8,361","70,301",0,0
Camp Courtney,,,,,,,,,,,,
Courtney Bowl,"30,053","17,393","40,336","40,451","34,216","31,744","9,930",0,"10,480","30,589","22,143","39,562"
Hashmarks,"14,302","13,668","6,907","8,299",664,"2,044","11,556",0,"5,200",0,0,"7,342"
,,,,,,,,,,,,
,19-Oct,19-Nov,19-Dec,20-Jan,20-Feb,20-Mar,20-Apr,20-May,20-Jun,20-Jul,20-Aug,20-Sep
,,,,,-,,,,,,,
Camp Futenma,,,,,,,,,,,,
Camp Hansen TLF,"2,437",0,"3,472","1,249",946,"4,095",0,0,0,"3,651",0,0
Palms,"71,558","80,833","79,398","63,009","76,106","96,777","9,865",0,"43,477","38,464",0,"39,743"
Camp Kinser,,,,,,,,,,,,
Surfside,"47,597","25,009","37,029","19,910","48,343","60,418",84,0,"17,991","35,221","-3,416","80,629"
Camp Schwab,,,,,,,,,,,,
Beach Head,"19,162","6,101","21,069","1,341","9,119","12,710",8,0,"2,608","3,728","1,547","1,849"
Torii Station,,,,,,,,,,,,
Havana's,"4,948","5,063","10,191","4,617","8,275","3,190","4,628",0,"5,084","4,458",0,0
Navy Japan,,,,,,,,,,,,
Crow's Nest,"11,769","11,806","39,137","21,588","29,110","26,151",0,0,"11,849","27,319","31,965","21,141"
Port Call,"9,250","9,705","10,030","3,662","9,905","1,982","2,867",0,"4,132","1,205",0,"-3,873"
Camp Fuji,,,,,,,,,,,,
Road House,"1,810",65,853,"1,453",825,399,0,0,0,"4,244","2,505","1,685"
Camp Zama,,,,,,,,,,,,
SHA Club,"12,784","1,765","12,329","3,581","8,169",0,0,0,"5,439","9,839","3,142","3,533"
Zama Bowl,"14,572","19,078","10,015","14,860","17,704","22,796",0,0,"24,330","27,850","-2,351","40,851"
Zama Community Club,"114,546","105,174","142,694","106,116","121,264","141,832",0,0,"20,910","125,987","37,153","157,708"
Navy Sanno Hotel,,,,,,,,,,,,
Sanno Hotel,"165,433","54,622","96,262","100,673","80,006","70,306",0,0,0,"47,479","37,055",0
Corner Pocket,"15,311","26,737","14,689","56,622","3,861","31,023",0,0,0,"26,474","18,686","45,058"
Club Trilogy,"106,085","65,122","66,916","118,255","96,369","114,322",0,0,"17,804","91,726","62,975","105,579"
Sasebo,,,,,,,,,,,,
Harbor View Club,"99,470","39,575","58,607","95,142","88,766","85,591",0,0,0,"55,943","54,905","40,732"
Hario,"29,246","10,416","29,836","22,432","7,568","17,708",0,0,0,"27,862",195,"41,098"
Galaxies,"123,740","102,498","176,759","53,880","137,092","99,891",0,0,0,"102,931","87,013","83,167"
Yokosuka,,,,,,,,,,,,
Yokosuka B/C,"109,981","121,174","89,681","119,515","151,927","101,134",0,0,0,"2,541",0,"2,020"
Club Alliance,"97,449","115,720","89,418","118,616","148,262","136,827",0,0,0,"3,330",0,"21,208"
CPO Club,"11,602","41,176","51,117","33,878","42,807","28,462",0,0,0,0,0,"12,496"
Takemiya Club,621,"7,527","4,822","1,591","14,969","-26,751","29,948",0,0,0,0,0
Officers Club,"20,870","33,745","21,826","54,512","32,337","68,234",0,0,0,0,0,0
SeaSide Club,"152,647","112,889","165,705","151,318","173,603","127,277",0,0,"38,967","198,098","97,897","157,207"
,,,,,-,,,,,,,
Total Japan Slot Revenue,"2,473,712","2,116,715","2,504,640","2,276,867","2,399,467","2,376,468","357,646",0,"1,060,270","1,403,734","931,293","1,588,735"
Total Slot Revenue,"4,653,038","3,861,555","4,486,567","4,457,266","4,057,627","4,010,271","1,248,820","1,794,657","3,008,800","3,368,025","2,564,519","3,775,788"
,,,,,,,,,,,,
,,,,,,,,,,,,
Camp Humphreys,,,,,,,,,,,,
,19-Oct,19-Nov,19-Dec,20-Jan,20-Feb,20-Mar,20-Apr,20-May,20-Jun,20-Jul,20-Aug,20-Sep
,,,,,-,,,,,,,
Terror Club NAFI,0,"4,169","6,170","8,076","4,764",0,0,0,0,0,0,0
Cave NAFI,"82,674","89,155","63,724","86,333","72,629","67,583","29,514","70,763","77,030","88,305","73,505","60,826"
Morning Calm NAFI,"93,430","56,317","99,069","81,274","71,361","86,199","33,515","104,216","110,642","93,999","68,380","98,420"
Flighline Tap Room NAFI,"2,597",0,0,0,0,0,0,"1,380","1,636","5,479","4,096","11,145"
Humphreys B/C NAFI,"14,503","13,781","12,886","15,097","11,730","22,573","3,543","12,969","12,214","12,330","6,526","10,766"
Seoul,,,,,,,,,,,,
K-16 Community Club NAFI,"7,229","4,021","3,625","3,504","4,968","5,627","13,952","11,182","8,039","9,925","6,593","4,317"
Main Post Club NAFI,"7,687","13,246","10,165","12,366","6,096","3,741",0,0,0,0,0,0
AFRC Dragon Hill Lodge,,,,,,,,,,,,
Dragon Hill Lodge NAFI,"91,764","66,978","112,106","119,930","77,726","69,903","65,347","88,963","100,677","74,729","92,059","122,910"
Navy Seoul,,,,,,,,,,,,
Taegu,,,,,,,,,,,,
El Guerrero NAFI,"14,169","10,007","6,438","13,003","11,921",0,0,"2,272","15,086","24,697","18,473","20,428"
State's Grill NAFI,"3,990","7,608","6,137","5,782","2,778",0,0,0,"6,374","9,050","22,074","21,408"
La Cantina El Guerrero NAFI,"10,112","10,573","10,526","10,656","8,651",0,0,0,11,0,0,0
Hilltop NAFI,"33,605","21,655","25,318","29,424","19,869",0,0,"7,143","32,541","21,320",0,0
Windy City Bowl & Grill NAFI,"6,258","3,887","3,242","4,632","7,963",0,0,0,"9,892","11,550","12,823","13,173"
Navy Pusan,,,,,,,,,,,,
Turtle Cove NAFI,"20,363","23,407","14,748","14,145","29,912","28,908","18,937","11,450","5,800","15,840","8,480","55,099"
Casey / Hovey,,,,,,,,,,,,
Casey Bowl NAFI,"6,987","6,174","5,598","6,709","7,599","7,130","6,373","7,968","7,255","1,642","9,307","7,361"
Casey Lodging NAFI,"16,116","17,937","18,229","10,841","10,244","9,695","13,908","13,495","10,855","7,834","12,517","16,075"
Gateway Club NAFI,"15,606","11,414","23,200","11,150","17,354","16,871","19,419","8,372","16,486","8,088","20,635","13,977"
Warrior's NAFI,593,"5,553","5,308","1,424","3,857","4,258","9,176","4,047","2,947","7,610","8,003",0
Uijongbu Corridor,,,,,,,,,,,,
,,,,,-,,,,,,,
Total Korea NAFI Reimburse.,"427,683","365,882","426,489","434,346","369,422","322,488","213,684","344,220","417,485","392,398","363,471","455,905"
Iwakuni USMC,,,,,,,,,,,,
Iwakuni Club NAFI,"108,897","70,049","107,414","81,272","82,661","85,878",-670,0,"55,445","55,218","85,420","65,407"
Torii Pines TLF NAFI,"71,132","85,468","98,237","72,516","86,800","67,846","4,152",0,"58,083","58,207","53,894","67,242"
Camp Butler / Foster,,,,,,,,,,,,
Butler Bowl NAFI,"75,587","51,919","53,429","51,098","66,405","66,454","7,343",0,"32,433","20,912","51,652","102,107"
Ocean Breeze NAFI,"390,003","391,713","356,601","346,464","336,686","424,854","37,432",0,"366,215","136,107",0,"107,822"
Taiyo Golf Course NAFI,"223,493","257,311","261,739","254,233","212,572","224,707","35,640",0,"195,810","73,121","209,873","210,346"
West Pac Lodge NAFI,"14,214","12,071","11,765","20,520","19,031","23,487","10,885",0,0,"18,283",0,0
Whispers NAFI,"34,757","52,903","55,918","36,467","46,913","35,682","48,711",0,0,"49,552",0,0
Camp Courtney,,,,,,,,,,,,
Courtney Bowl NAFI,"18,766","16,849","34,902","26,793","27,373","25,395","7,944",0,"8,384","24,471","17,714","31,650"
Hashmarks NAFI,"11,442","10,934","5,526","6,639",531,"2,607","8,273",0,"4,160",0,0,"5,873"
Camp Futenma,,,,,,,,,,,,
Camp Hansen TLF NAFI,"1,950",0,"2,778",999,757,"3,276",0,0,0,"2,921",0,0
Palms NAFI,"54,344","64,666","63,518","53,447","65,200","70,068","7,892",0,"34,782","30,771",0,"31,795"
,,,,,,,,,,,,
,19-Oct,19-Nov,19-Dec,20-Jan,20-Feb,20-Mar,20-Apr,20-May,20-Jun,20-Jul,20-Aug,20-Sep
,,,,,-,,,,,,,
Camp Kinser,,,,,,,,,,,,
Surfside NAFI,"26,218","20,008","29,624","20,882","35,003","47,052",67,0,"14,393","28,177","5,448","56,322"
Camp Schwab,,,,,,,,,,,,
Beach Head NAFI,"15,330","4,881","16,855","4,071","4,297","10,168",6,0,"2,087","2,982","1,238","1,479"
Torii Station,,,,,,,,,,,,
Havana's NAFI,990,"1,013","2,038",923,"1,655",638,926,0,"1,017",892,0,0
Navy Japan,,,,,,,,,,,,
Crow's Nest NAFI,"9,415","9,445","31,310","17,270","23,288","20,921",0,0,"9,480","21,855","25,572","16,913"
Port Call NAFI,"6,274","7,764","8,024","2,930","7,924","1,586","2,294",0,"3,306",964,0,337
Camp Fuji,,,,,,,,,,,,
Road House NAFI,"1,448",52,682,"1,162",660,319,0,0,0,"3,395","2,004","1,348"
Camp Zama,,,,,,,,,,,,
SHA Club NAFI,"1,841",353,"2,466",716,"1,634",0,0,0,"1,088","1,968",628,707
Zama Bowl NAFI,"2,914","3,816","2,003","2,972","3,895","4,205",0,0,"4,866","5,570",419,"7,281"
Zama Community Club NAFI,"21,093","21,035","28,539","23,780","22,196","27,867",0,0,"5,652","23,728","10,265","28,708"
Navy Sanno Hotel,,,,,,,,,,,,
Sanno Hotel NAFI,"127,944","46,934","73,772","82,654","65,680","52,455",0,0,0,"41,805","25,822",0
Corner Pocket NAFI,"12,249","21,390","18,115","38,935","3,089","24,819",0,0,0,"21,179","14,948","36,046"
Club Trilogy NAFI,"84,868","52,098","61,091","87,046","77,095","91,458",0,0,"23,117","64,508","52,814","86,007"
Sasebo,,,,,,,,,,,,
Harbor View Club NAFI,"71,769","34,792","43,754","88,553","65,214","61,832",0,0,0,"49,627","42,473","29,163"
Hario NAFI,"21,208","9,883","25,986","15,821","4,512","14,166",0,0,0,"22,290","3,066","29,969"
Galaxies NAFI,"97,633","87,753","130,722","50,160","109,789","72,741",0,0,0,"83,402","71,215","63,871"
Yokosuka,,,,,,,,,,,,
Yokosuka B/C NAFI,"91,833","102,998","84,219","93,597","135,521","79,580",0,0,0,"2,160",0,"1,717"
Club Alliance NAFI,"90,555","91,004","81,104","91,954","129,887","112,439",0,0,0,"2,830",0,"18,027"
CPO Club NAFI,"14,553","33,882","39,876","28,796","36,386","24,193",0,0,0,0,0,"15,275"
Takemiya Club NAFI,528,"6,398","4,099","1,353","12,724","2,716",2,0,0,0,0,0
Officers Club NAFI,"17,740","28,683","24,879","41,186","29,105","55,202",0,0,0,0,0,0
SeaSide Club NAFI,"116,703","100,670","132,002","142,054","135,553","106,761",0,0,"36,765","192,258","54,842","138,455"
,,,,,-,,,,,,,
Total Japan NAFI Reimburse.,"1,837,691","1,698,735","1,892,987","1,787,263","1,850,036","1,841,372","170,897",0,"857,083","1,039,153","729,307","1,153,867"
Total Far East NAFI Reimburse,"2,265,374","2,064,617","2,319,476","2,221,609","2,219,458","2,163,860","384,581","344,220","1,274,568","1,431,551","1,092,778","1,609,772"
,,,,,,,,,,,,
,20-Oct,20-Nov,20-Dec,21-Jan,21-Feb,21-Mar,21-Apr,21-May,21-Jun,21-Jul,21-Aug,21-Sep
,,,,,,,,,,,,
Slot Revenue,,,,,,,,,,,,
,,,,,,,,,,,,
Terror Club,0,0,0,0,0,-31,0,0,0,0,0,0
Camp Humphreys,,,,,,,,,,,,
Cave,"496,903","262,408","438,217","219,943","302,238","229,448","436,113","294,959","252,515","356,323","170,744","316,257"
Flighline Tap Room,"36,330","-4,996","54,330",0,"30,401","47,598","79,492","92,880","110,816","56,514","44,068","37,944"
Morning Calm,"534,537","360,323","684,926","364,079","573,074","727,092","609,018","498,589","706,480","582,395","672,701","494,953"
Humphreys B/C,"38,552","58,887","52,620","14,209","55,472","54,669","40,198","43,477","28,754","34,362","34,656","60,102"
Seoul,,,,,,,,,,,,
K-16 Community Club,"46,861","45,083","13,301","18,775","25,338","7,703","28,224","5,882","37,807","34,772","13,399","18,886"
AFRC Dragon Hill Lodge,,,,,,,,,,,,
Dragon Hill Lodge,"290,829","374,686","600,868","65,462","438,786","741,972","463,168","493,359","442,939","146,678","527,134","314,662"
Navy Seoul,,,,,,,,,,,,
Taegu,,,,,,,,,,,,
El Guerrero,"86,382","95,822","104,433","88,597","113,597","123,582","95,451","68,886","122,662","114,634","117,204","129,609"
State's Grill,"63,040","87,355","134,208","96,429","23,637","59,873","30,076","45,158","18,417","47,132","22,381","27,203"
Hilltop,0,0,0,0,"119,444","115,132","183,608","64,501","87,086","85,153","44,892","111,551"
Windy City Bowl & Grill,"89,558","54,242","40,462","28,308","21,210","51,826","55,427","29,294","42,301","40,927","27,981","32,290"
Navy Pusan,,,,,,,,,,,,
Turtle Cove,"20,396","17,065","61,601","44,457","20,663","19,338","8,401","63,946","41,594","12,079","42,252","23,267"
Casey / Hovey,,,,,,,,,,,,
Casey Bowl,"58,482","58,863","51,767","9,033","9,222","34,808","46,058","24,851","49,774","5,021","51,534","65,591"
Casey Lodging,"47,707","63,313","31,336","33,255","151,082","73,772","51,214","76,804","121,674","92,865","142,843","51,539"
Gateway Club,"87,505","48,276","70,688","80,875","96,284","49,811","80,666","40,673","38,688","24,925","77,350","66,056"
Warrior's,"23,322","8,343","5,556","19,016","31,275","14,811","35,597","10,648","21,808","12,898","7,912","16,614"
Uijongbu Corridor,,,,,,,,,,,,
,,,,,,,,,,,,
Total Korea Slot Revenue,"1,920,404","1,529,670","2,344,313","1,082,438","2,011,723","2,351,404","2,242,711","1,853,907","2,123,315","1,646,678","1,997,051","1,766,524"
Iwakuni USMC,,,,,,,,,,,,
Iwakuni Club,"40,986","52,541","49,955","40,481","94,727","61,124","129,605","56,222","123,159","67,337","110,913","90,952"
Torii Pines TLF,"76,075","95,326","105,331","73,988","86,904","113,435","71,234","111,359","155,682","88,769","67,586","135,318"
Camp Butler / Foster,,,,,,,,,,,,
Butler Bowl,"94,295","98,531","99,026","15,108","74,447","95,294",0,"-18,310","98,536","53,620","92,105","52,127"
Ocean Breeze,"431,209","558,026","472,355","151,737","291,900","552,836","383,891","340,474","304,316","405,974","421,025","344,666"
Taiyo Golf Course,"377,028","281,417","263,070","115,890","238,638","271,530","339,836","271,676","214,860","231,387","231,150","269,562"
West Pac Lodge,0,"13,685","41,479","20,592","-18,424","43,649","32,377","13,360","11,947","-2,851","10,716","36,874"
Whispers,0,"12,861","80,812","14,035","29,164","60,249","43,362","71,910","98,311","44,110","68,425","5,764"
Camp Courtney,,,,,,,,,,,,
Courtney Bowl,"16,518","31,987","36,116",0,"35,579","22,260","14,801","18,946","22,604","32,103","12,706","15,835"
Hashmarks,"2,698","10,703","12,710","9,277","2,632","2,134","6,846",0,0,"2,029","9,619","2,372"
,,,,,,,,,,,,
Camp Futenma,,,,,,,,,,,,
Camp Hansen TLF,0,106,103,0,"1,404","1,030",0,0,"1,498","2,587",0,"3,419"
,,,,,,,,,,,,
,20-Oct,20-Nov,20-Dec,21-Jan,21-Feb,21-Mar,21-Apr,21-May,21-Jun,21-Jul,21-Aug,21-Sep
,,,,,,,,,,,,
Palms,"41,343","56,751","31,795","18,898","6,885","94,423","31,031","40,049","57,197","42,252","68,709","39,861"
Camp Kinser,,,,,,,,,,,,
Surfside,"57,796","60,922","22,388","18,942","36,361","54,776","43,538","44,927","44,719","31,342","70,686","33,354"
Camp Schwab,,,,,,,,,,,,
Beach Head,"8,159","5,092","12,384","16,972","-3,733","12,229","5,831","8,833","10,893","16,529","13,555","4,076"
Torii Station,,,,,,,,,,,,
Havana's,"-1,320","6,426","5,097","7,811","5,097",945,0,0,0,0,"2,332","9,992"
Navy Japan,,,,,,,,,,,,
Crow's Nest,"43,369","30,592","29,463","43,608","8,875","20,970","9,858","23,343","35,790","44,664","25,085","38,215"
Port Call,0,"6,165",792,"2,294",527,44,"2,502",0,"-2,100","1,490","7,813","16,006"
Camp Fuji,,,,,,,,,,,,
Road House,"1,368","1,339",323,632,530,522,"5,912",545,"4,138","2,989","3,836","5,382"
Camp Zama,,,,,,,,,,,,
SHA Club,"5,019","16,672","4,955","5,955","5,611","2,409",0,0,"3,595","-28,450","23,762","6,286"
Zama Bowl,"11,855","12,738","2,242","6,921","-2,045","38,585","11,969","11,278","15,759","15,913","10,704","4,472"
Zama Community Club,"71,943","147,157","101,080","107,693","118,962","191,617","63,733","111,552","130,998","58,904","81,216","120,096"
Zama Golf Course,"3,421","10,491","10,524","5,314","10,207","3,615","7,762","8,197","14,100","9,623","12,374",0
Navy Sanno Hotel,,,,,,,,,,,,
Sanno Hotel,0,0,0,0,0,"11,413","20,615","55,354","90,614","74,941","55,461","58,953"
Corner Pocket,"24,532","11,609","3,206","4,586","17,570","25,637","30,405","26,759","-1,158","43,658","13,914","31,798"
Club Trilogy,"150,502","86,577","181,437","95,170","91,733","122,802","163,348","53,757","80,754","90,539","39,554","107,547"
Sasebo,,,,,,,,,,,,
Harbor View Club,"40,788","70,760","76,902","81,035","66,516","88,697","69,293","97,826","156,373","60,531","82,988","74,602"
Hario,"17,839","40,778","35,663","26,096","25,515","26,817","33,922","24,432","34,143","22,048","22,389","41,234"
Galaxies,"39,374","116,838","150,538","61,444","55,229","165,778","109,998","106,604","124,763","54,767","66,543","112,808"
Yokosuka,,,,,,,,,,,,
Yokosuka B/C,0,0,"2,052",0,"5,676","-9,165","19,609","-11,347","52,889","59,004","-3,087","91,312"
Club Alliance,"6,611","40,451","109,728","27,257","38,150","86,422","194,093","62,704","-24,910","108,117","99,383","188,409"
CPO Club,"29,009","37,096","26,296","9,790","23,379","32,792","35,325","-6,829","46,672","16,167","32,793","36,742"
Takemiya Club,"2,098","3,067","16,007","5,559","3,113","1,667","14,456","12,199","8,621","5,355","16,151","8,747"
Officers Club,0,0,"7,359",0,"21,435","1,775","37,447","33,045","37,908","33,443","26,198","14,769"
SeaSide Club,"228,447","196,979","255,354","89,259","122,106","281,978","263,776","174,992","203,628","192,710","172,430","97,985"
,,,,,,,,,,,,
Total Japan Slot Revenue,"1,820,962","2,113,683","2,246,542","1,076,344","1,494,670","2,480,289","2,196,375","1,743,857","2,156,299","1,881,601","1,969,034","2,099,535"
Total Slot Revenue,"3,741,366","3,643,353","4,590,855","2,158,782","3,506,393","4,831,693","4,439,086","3,597,764","4,279,614","3,528,279","3,966,085","3,866,059"
Slot NAFI Reimbursement,,,,,,,,,,,,
,,,,,,,,,,,,
Camp Humphreys,,,,,,,,,,,,
,20-Oct,20-Nov,20-Dec,21-Jan,21-Feb,21-Mar,21-Apr,21-May,21-Jun,21-Jul,21-Aug,21-Sep
,,,,,,,,,,,,
Cave NAFI,"85,907","64,799","75,326","43,989","60,448","56,997","76,116","65,334","55,108","60,317","41,795","55,606"
Morning Calm NAFI,"101,571","87,318","124,967","74,411","118,585","141,015","120,684","115,073","122,752","131,898","125,947","102,468"
Flighline Tap Room NAFI,"7,266","6,848","3,019",0,"6,080","9,520","19,491","16,761","20,386","11,303","8,814","7,589"
Humphreys B/C NAFI,"10,377","9,111","10,837","4,060","11,360","9,137","8,885","7,850","5,751","8,883","5,640","11,301"
Seoul,,,,,,,,,,,,
K-16 Community Club NAFI,"7,922","9,017","2,660","3,755","5,068","1,541","5,645","3,004","6,248","6,440","2,680","3,777"
AFRC Dragon Hill Lodge,,,,,,,,,,,,
Dragon Hill Lodge NAFI,"79,849","71,222","109,930","36,209","80,035","125,275","107,523","98,985","78,271","52,038","77,838","69,976"
Navy Seoul,,,,,,,,,,,,
Taegu,,,,,,,,,,,,
El Guerrero NAFI,"19,199","19,041","19,659","17,935","22,182","24,466","19,352","14,653","23,394","22,927","23,551","25,812"
State's Grill NAFI,"15,852","17,292","24,033","19,508","4,551","11,673","6,015","9,032","5,898","8,490","4,231","4,407"
Hilltop NAFI,0,0,0,0,"23,889","24,180","35,568","14,068","17,764","15,515","10,311","20,978"
Windy City Bowl & Grill NAFI,"17,557","11,682","7,259","5,662","6,176","9,133","10,384","6,259","8,661","7,584","6,085","5,969"
Navy Pusan,,,,,,,,,,,,
Turtle Cove NAFI,"14,277","12,843","42,223","31,120","14,464","13,536","14,734","38,130","26,896","18,844","29,576","19,618"
Casey / Hovey,,,,,,,,,,,,
Casey Bowl NAFI,"11,696","11,773","10,353","1,807","1,844","9,084","7,089","4,970","9,955","1,004","12,562","11,852"
Casey Lodging NAFI,"9,541","12,663","10,797","17,400","15,182","14,511","11,032","16,049","22,858","20,595","26,547","11,074"
Gateway Club NAFI,"17,501","9,655","14,994","20,314","15,274","8,950","16,400","7,847","7,738","4,985","16,921","11,760"
Warrior's NAFI,"4,678","2,998","1,812","2,895","4,876","2,962","7,821","2,442","3,347","2,840","2,976","2,426"
Uijongbu Corridor,,,,,,,,,,,,
,,,,,,,,,,,,
Total Korea NAFI Reimburse.,"403,193","346,262","457,869","279,065","390,014","461,980","466,739","420,457","415,027","373,663","395,474","364,613"
Iwakuni USMC,,,,,,,,,,,,
Iwakuni Club NAFI,"40,639","36,565","37,582","56,141","56,921","44,003","109,949","42,345","96,472","61,067","79,955","72,761"
Torii Pines TLF NAFI,"63,976","89,220","69,253","60,374","76,759","81,266","63,928","101,366","105,325","83,951","58,061","91,326"
Camp Butler / Foster,,,,,,,,,,,,
Butler Bowl NAFI,"81,576","79,336","77,390","7,267","63,259","72,533",0,"13,263","53,321","44,265","69,912","45,630"
Ocean Breeze NAFI,"337,283","426,203","387,347","130,527","241,457","458,208","264,637","272,379","301,939","283,959","337,387","283,489"
Taiyo Golf Course NAFI,"305,791","220,966","214,126","95,428","191,320","236,592","245,705","217,341","174,426","191,992","179,305","214,983"
West Pac Lodge NAFI,0,"12,274","31,858","16,474","7,323","12,858","25,901","10,688","9,557","5,998","11,348","18,446"
Whispers NAFI,0,"10,289","65,788","10,089","23,331","48,199","44,170","54,737","71,959","35,288","54,740","4,611"
Camp Courtney,,,,,,,,,,,,
Courtney Bowl NAFI,"13,214","25,590","28,892",0,"28,463","17,808","11,841","15,156","19,974","23,792","12,652","10,181"
Hashmarks NAFI,"2,158","8,562","10,168","7,422","2,106","1,707","5,477",0,0,"1,623","7,695","1,898"
Camp Futenma,,,,,,,,,,,,
Camp Hansen TLF NAFI,0,85,82,0,"1,123",824,0,0,"1,198","2,069",0,"2,736"
Palms NAFI,"33,075","45,401","41,565","6,325","7,238","66,473","24,825","32,039","45,757","35,021","53,748","31,889"
Camp Kinser,,,,,,,,,,,,
Surfside NAFI,"46,237","48,738","24,521","9,678","31,764","40,010","34,830","35,942","35,775","32,220","49,402","26,683"
Camp Schwab,,,,,,,,,,,,
,20-Oct,20-Nov,20-Dec,21-Jan,21-Feb,21-Mar,21-Apr,21-May,21-Jun,21-Jul,21-Aug,21-Sep
,,,,,,,,,,,,
Beach Head NAFI,"6,527","4,074","9,907","14,616","1,440","4,318","5,672","6,060","8,714","13,224","10,844","3,261"
Torii Station,,,,,,,,,,,,
Havana's NAFI,0,"1,354",686,"1,562","1,019",189,0,0,0,0,466,"1,998"
Navy Japan,,,,,,,,,,,,
Crow's Nest NAFI,"36,636","24,893","21,209","34,886","7,100","16,776","12,911","34,416","12,536","31,061","20,068","34,074"
Port Call NAFI,0,"1,496",634,"1,835",422,35,"2,002",0,0,"2,466","6,250","12,805"
Camp Fuji,,,,,,,,,,,,
Road House NAFI,"1,094","1,071",258,506,424,418,"4,730",436,"3,310","2,391","3,069","4,306"
Camp Zama,,,,,,,,,,,,
SHA Club NAFI,"1,004","3,334",991,"1,191","1,122",482,0,0,719,0,105,215
Zama Bowl NAFI,"2,371","2,548",448,"2,103",685,"5,905","2,394","3,212","2,196","3,183","2,141","1,150"
Zama Community Club NAFI,"17,319","29,318","18,802","25,214","19,970","37,068","14,376","22,754","24,127","14,382","15,519","22,143"
Zama Golf Course NAFI,684,"2,098","2,105","1,063","2,041",723,"1,552","1,639","2,820","1,925","2,475",0
Navy Sanno Hotel,,,,,,,,,,,,
Sanno Hotel NAFI,0,0,0,0,0,"9,131","16,492","46,913","70,892","63,107","40,184","47,162"
Corner Pocket NAFI,"19,625","11,852",0,"3,669","14,056","20,509","24,324","22,815","22,306","10,287","11,131","25,438"
Club Trilogy NAFI,"116,424","101,378","113,034","76,136","73,387","108,053","120,867","50,673","58,372","70,995","35,717","81,963"
Sasebo,,,,,,,,,,,,
Harbor View Club NAFI,"44,154","53,243","58,254","65,061","49,532","69,514","71,700","80,231","107,665","54,492","59,521","74,748"
Hario NAFI,"16,335","31,520","27,568","20,877","21,414","20,451","31,020","19,993","22,984","21,214","14,336","32,987"
Galaxies NAFI,"41,427","91,423","112,550","54,140","46,932","124,888","97,814","85,483","91,969","46,719","48,154","91,311"
Yokosuka,,,,,,,,,,,,
Yokosuka B/C NAFI,0,0,"1,744",0,"4,824","5,523","3,355","5,512","38,211","41,742","7,282","74,834"
Club Alliance NAFI,"7,959","54,394","86,431","7,657","40,159","65,727","174,230","70,402",370,"49,128","107,651","131,847"
CPO Club NAFI,"29,707","21,830","22,352","8,322","24,547","28,929","24,296","13,098","20,768","13,742","27,874","36,708"
Takemiya Club NAFI,"1,783","2,607","13,606","4,725","2,646","1,417","12,288","10,369","7,328","4,552","13,729","7,435"
Officers Club NAFI,0,0,"6,256",0,"18,220","7,823","25,516","28,088","32,222","34,330","16,364","12,554"
SeaSide Club NAFI,"207,279","178,797","197,593","66,036","119,910","276,760","178,736","170,591","170,527","143,463","141,153","104,206"
,,,,,,,,,,,,
Total Japan NAFI Reimburse.,"1,474,277","1,620,459","1,683,000","789,324","1,180,914","1,885,120","1,655,538","1,467,941","1,613,739","1,423,648","1,498,238","1,605,778"
Total Far East NAFI Reimburse,"1,877,470","1,966,721","2,140,869","1,068,389","1,570,928","2,347,100","2,122,277","1,888,398","2,028,766","1,797,311","1,893,712","1,970,391"
,,,,,,,,,,,,
,21-Oct,21-Nov,21-Dec,22-Jan,22-Feb,22-Mar,22-Apr,22-May,22-Jun,22-Jul,22-Aug,22-Sep
,,,,,,,,,,,,
Slot Revenue,,,,,,,,,,,,
Ansbach,,,,,,,,,,,,
Action Lanes,"16,729","24,341","15,794","22,867","28,120","96,831","44,084","56,182","38,309","23,137","77,785","35,513"
Storck Barracks Bowl,"-5,961","27,375","8,753","17,089","16,127","22,051","48,255","33,995","21,925","29,744","35,666","28,178"
Bamberg,,,,,,,,,,,,
Baumholder,,,,,,,,,,,,
Strikers,"54,594","20,942","29,266","13,563","28,111","129,914","57,837","42,578","49,418","2,324","121,187","48,980"
Garmisch,,,,,,,,,,,,
Edelweiss Lodge & Resort,"32,616","26,943","8,285","-3,107","15,880","29,480","5,144","12,559","28,013","-5,460","5,897","25,191"
Grafenwoehr,,,,,,,,,,,,
Entertainment Center Graf.,"26,657","46,377","91,481","55,812","59,831","19,844","65,461","83,237","104,940","70,220","115,210","39,516"
Vilseck Bowl,"9,625","10,999","-1,854","13,488","6,032","7,338","5,125","9,403","-3,383","6,870","9,611","10,547"
Langenbruck Center,"37,087","32,510","50,538","38,158","48,404","62,437","27,452","21,254","45,573","43,477","50,558","12,181"
Heidelberg,,,,,,,,,,,,
Hohenfels,,,,,,,,,,,,
Hohenfels Bowl,"46,486","100,301","61,050","44,633","47,229","39,416","49,028","57,117","45,692","21,591","-4,269","22,774"
Kaiserslautern,,,,,,,,,,,,
Armstrong's,"95,601","132,825","145,937","21,720","124,277","175,509","214,263","130,149","127,822","119,068","139,913","140,940"
Kazabra,0,"12,993",0,0,"1,664","8,795","3,511","-3,354","7,846","12,123","-2,179","17,747"
Landstuhl Consolidated Club,"43,133","82,417","143,943","69,976","39,723","73,734","60,107","100,695","74,651","94,058","69,921","55,155"
ROB Java Cafe,"24,019",368,"10,968","10,216","5,260","3,392","5,706","-5,117","61,471","41,235","50,799","14,303"
Sembach CC,"62,590","67,105","65,880","49,591","47,157","85,570","23,282","62,016","49,698","48,866","84,747","36,424"
Livorno,,,,,,,,,,,,
Livorno Community Club,"10,059",281,"17,155","31,870","13,141","14,712","11,259","1,735","3,300","1,853","4,386",368
Mannheim,,,,,,,,,,,,
Schinnen,,,,,,,,,,,,
The Gold Mine,"2,201","6,277","9,137","5,227","7,276",0,"9,898","17,936","15,382","12,754","1,123","-16,270"
Schweinfurt,,,,,,,,,,,,
Stuttgart,,,,,,,,,,,,
Galaxy Bowl,"27,856","32,692","14,865","23,532","13,605","36,836","7,077","3,560","18,288","-10,746","54,894","38,333"
Kelley Community Club,"53,160","77,747","91,043","29,217","62,076","123,727","-34,712","135,245","48,947","73,729","56,214","54,937"
Patch Community Casino,"89,047","139,434","123,842","152,811","122,071","175,039","113,651","163,788","215,896","38,482","187,047","62,411"
Vicenza,,,,,,,,,,,,
Arena Bowl,"45,485","76,818","78,031","92,034","42,387","134,020","68,427","50,709","61,752","64,279","115,125","47,280"
Del Din C/C,"8,195",0,0,381,"6,674","1,920","10,656","26,277","7,387","9,474","13,057","8,421"
Wiesbaden,,,,,,,,,,,,
Vault Club & Casino,"77,333","220,956","112,652","132,856","84,330","242,179","93,806","220,223","147,832","51,039","141,640","132,397"
Wiesbaden Ent Center,"41,647","64,330","26,934","47,437","49,801","62,779","36,075","67,148","82,706","29,695","102,989","71,984"
Liberty Games,"46,304","38,059","37,185","33,125","37,407","84,368","21,637","53,450","39,340","50,539","38,010","86,377"
Ace's Game Room,"5,379","12,716","27,899","9,725","28,261","20,348","15,887",903,"47,093","17,123","5,455","15,712"
,,,,,,,,,,,,
,21-Oct,21-Nov,21-Dec,22-Jan,22-Feb,22-Mar,22-Apr,22-May,22-Jun,22-Jul,22-Aug,22-Sep
,,,,,,,,,,,,
Navy Greece,,,,,,,,,,,,
The Anchor,0,0,0,0,0,0,0,0,"2,869","21,027","10,207","7,766"
Navy Naples,,,,,,,,,,,,
Capo Olde Town Slots,"20,224","30,798","-7,205","3,125","47,807","39,005","15,975","30,057","-12,561",-992,"53,225","23,906"
Naples Bowl,"47,357","80,037","60,912","-4,541","119,611","10,249","121,305","105,702","68,708","42,749","68,438","80,062"
Navy Rota,,,,,,,,,,,,
NGIS Rota,"15,242","12,692","4,704","16,215","3,950","8,893","7,033","-14,494","5,296",0,0,"18,064"
La Plaza,"50,550","55,077","37,548","29,692","49,947","70,196","63,533","91,723","84,895","66,239","78,903","61,233"
Pinz,0,"7,094","24,989","9,436","27,476","32,707","6,545","11,058","15,430","11,512","9,728","9,897"
Rota Fleet Center,"1,740","3,545","3,384",0,"5,600","4,491","6,018","2,269",96,0,"1,327","3,745"
Navy Sigonella,,,,,,,,,,,,
Jox Sports Bar,"7,582","16,429","14,480","9,431","12,037","21,790","17,219","28,588","8,697","11,048","1,944","7,574"
Sigonella Bowl,"9,885","33,490","17,591","47,742","76,992","71,913","52,540","17,767","38,588","76,456","51,973","57,962"
Air Force,,,,,,,,,,,,
Total Slot Revenue,"1,002,422","1,493,968","1,325,187","1,023,321","1,278,264","1,909,483","1,253,084","1,614,358","1,551,916","1,073,513","1,750,531","1,259,608"
Slot NAFI Reimbursement,,,,,,,,,,,,
Ansbach,,,,,,,,,,,,
Action Lanes NAFI,"3,346","4,868","3,436","4,997","7,119","17,170","9,059","10,994","7,935","7,312","12,599","7,103"
Storck Barracks Bowl NAFI,"3,670",613,"1,751","3,418","3,225","4,410","10,244","6,206","4,385","5,949","7,133","5,636"
Bamberg,,,,,,,,,,,,
Baumholder,,,,,,,,,,,,
Strikers NAFI,"10,919","4,188","9,799","2,532","7,029","20,811","11,567","8,516","9,884","5,811","18,891","9,796"
Garmisch,,,,,,,,,,,,
Edelweiss Lodge & Resort NAFI,"6,818","5,140","2,198","4,063",0,"4,686",829,"3,071","4,677",0,"2,511","3,832"
Grafenwoehr,,,,,,,,,,,,
Entertainment Ctr Graf. NAFI,"7,899","9,913","15,092","11,162","11,966","6,979","15,915","18,624","12,457","17,981","19,105","9,402"
Vilseck Bowl NAFI,"1,925","2,200",529,"2,171",833,"1,468","1,025","1,881",0,982,"1,638","2,109"
Langenbruck Center NAFI,"7,417","8,551","8,059","7,632","9,681","12,487","5,490","7,675","5,690","8,695","10,112","2,436"
Heidelberg,,,,,,,,,,,,
Hohenfels,,,,,,,,,,,,
Hohenfels Bowl NAFI,"9,329","19,025","12,210","8,927","9,446","8,407","11,276","9,429","9,138","4,687",833,"3,577"
,,,,,,,,,,,,
,21-Oct,21-Nov,21-Dec,22-Jan,22-Feb,22-Mar,22-Apr,22-May,22-Jun,22-Jul,22-Aug,22-Sep
,,,,,,,,,,,,
Armstrong's NAFI,"19,120","26,565","29,187","11,860","27,516","24,925","42,853","26,030","25,564","23,814","27,983","28,188"
Kazabra NAFI,0,"2,599",0,0,333,"1,759","1,022",980,465,"1,958","1,375","1,339"
Landstuhl CCC NAFI,"9,576","13,655","24,379","13,995","7,945","14,747","17,895","14,523","14,673","18,812","20,747","9,758"
ROB Java Cafe NAFI,"4,804",74,"2,194","2,043","1,052",985,"3,218","1,570","7,317","8,247","10,160","4,060"
Sembach CC NAFI,"12,518","13,421","13,176","15,791","9,189","11,483","4,656","12,403","9,940","9,773","16,949","7,285"
Livorno,,,,,,,,,,,,
Livorno Community Club NAFI,"2,012",348,"3,139","6,374","2,628","2,942","2,252",778,229,371,877,674
Mannheim,,,,,,,,,,,,
Schinnen,,,,,,,,,,,,
The Gold Mine NAFI,440,"1,255","1,827","1,045","1,455",0,"1,980","3,587","3,076","2,551",225,970
Schweinfurt,,,,,,,,,,,,
Stuttgart,,,,,,,,,,,,
Galaxy Bowl NAFI,"5,571","6,539","3,216","4,463","2,721","8,011","1,415",712,"4,947","1,281","6,259","7,667"
Kelley Community Club NAFI,"13,621","9,857","18,209","5,843","12,415","27,137",94,"16,980","9,789","14,746","14,757","9,674"
Patch Community Casino NAFI,"21,946","24,038","30,570","29,964","22,549","32,177","30,768","28,879","44,184","9,787","30,155","18,013"
Vicenza,,,,,,,,,,,,
Arena Bowl NAFI,"9,097","15,364","19,338","16,743","12,608","20,605","13,685","10,142","12,350","17,411","18,470","9,456"
Del Din C/C NAFI,"1,639",0,0,76,"1,335",323,"2,131","5,255","1,477","1,895","2,611","1,684"
Wiesbaden,,,,,,,,,,,,
Vault Club & Casino NAFI,"17,420","40,335","26,060","27,536","20,273","43,759","18,577","41,003","29,566","16,773","22,715","30,511"
Wiesbaden Ent Center NAFI,"8,330","12,866","7,008","9,001","13,995","7,386","11,979","10,600","15,046","7,921","18,083","14,397"
Liberty Games NAFI,"9,261","7,612","7,437","6,908","8,268","15,804","4,327","10,690","8,546","9,429","8,473","16,404"
Ace's Game Room NAFI,"1,076","2,543","5,580","1,945","5,652","4,070","3,177","2,002","7,597","3,425","1,091","3,142"
Navy Greece,,,,,,,,,,,,
The Anchor NAFI,0,0,0,0,0,0,0,0,"4,362","12,366","7,145","5,436"
Navy Naples,,,,,,,,,,,,
Capo Olde Town Slots NAFI,"14,157","21,559","7,668","13,020","16,304","35,564","11,182","21,040","24,526",78,"19,127","16,734"
Naples Bowl NAFI,"40,275","44,304","45,846","32,914","43,431","55,708","46,135","49,379","49,875","43,392","35,123","55,512"
Navy Rota,,,,,,,,,,,,
NGIS Rota NAFI,"11,675","8,865","3,741","9,917","3,640","5,350","4,923","2,560","1,512",0,0,"2,134"
La Plaza NAFI,"33,569","38,554","27,761","23,034","34,627","46,754","71,996","36,811","59,427","51,515","58,165","43,050"
Pinz NAFI,0,"8,730","17,492","6,605","10,621","22,895","4,581","7,741","10,801","8,058","6,810","6,928"
Rota Fleet Center NAFI,"1,218","2,482","2,369",0,"3,920","3,144","4,213","1,588",67,0,929,"2,622"
Navy Sigonella,,,,,,,,,,,,
Jox Sports Bar NAFI,"5,307","11,501","10,136","6,602","8,426","15,253","12,054","20,012","6,088","7,734","6,663",0
Sigonella Bowl NAFI,"10,531","19,831","16,974","32,555","56,567","43,871","36,778","34,113","9,274","52,158","33,804","40,573"
Air Force,,,,,,,,,,,,
Total Slot NAFI Reimbursement,"-304,486","-387,395","-376,381","-323,136","-376,769","-521,070","-417,296","-425,774","-414,864","-374,912","-441,518","-380,102"